insert into USUARIO (USERNAME, CONTRASENIA, ROL) values ('ptunnow0', 'vIrQdp', 'Administrador');
insert into USUARIO (USERNAME, CONTRASENIA, ROL) values ('rwilby1', 'aXJGYFiGh4lH', 'Administrador');
insert into USUARIO (USERNAME, CONTRASENIA, ROL) values ('gmquharge2', '54zH8tvG', 'Administrador');
insert into USUARIO (USERNAME, CONTRASENIA, ROL) values ('ahenrot3', 'j6tWgnST5rH7', 'Administrador');
insert into USUARIO (USERNAME, CONTRASENIA, ROL) values ('rmeffan4', 'h8KYCrYm', 'Administrador');
insert into USUARIO (USERNAME, CONTRASENIA, ROL) values ('jcicchelli5', 'e00vQRVng', 'Administrador');
insert into USUARIO (USERNAME, CONTRASENIA, ROL) values ('mohrt6', 'tDwrOaNNvEMt', 'Administrador');
insert into USUARIO (USERNAME, CONTRASENIA, ROL) values ('dmeasor7', '0uj8qdWj2y3', 'Administrador');
insert into USUARIO (USERNAME, CONTRASENIA, ROL) values ('dmcgeachey8', 'AxtjOFN', 'Administrador');
insert into USUARIO (USERNAME, CONTRASENIA, ROL) values ('fseivwright9', 'T1A2MIV50', 'Administrador');
insert into USUARIO (USERNAME, CONTRASENIA, ROL) values ('psimonyia', 'FsgbE4x7', 'Administrador');
insert into USUARIO (USERNAME, CONTRASENIA, ROL) values ('tgoingb', '0WY8Bwj', 'Administrador');
insert into USUARIO (USERNAME, CONTRASENIA, ROL) values ('ndumbarc', 'eWR54xoXN', 'Administrador');
insert into USUARIO (USERNAME, CONTRASENIA, ROL) values ('ljeansd', 'SGDnHFcGB', 'Administrador');
insert into USUARIO (USERNAME, CONTRASENIA, ROL) values ('abeltone', '1xOKbGBIdF', 'Administrador');
insert into USUARIO (USERNAME, CONTRASENIA, ROL) values ('epaddonf', 'b04XaiAzlgL', 'Cliente');
insert into USUARIO (USERNAME, CONTRASENIA, ROL) values ('qpeardeg', '4cC8rwZWxYC', 'Cliente');
insert into USUARIO (USERNAME, CONTRASENIA, ROL) values ('izoldh', 'aEQyIDFtaH', 'Cliente');
insert into USUARIO (USERNAME, CONTRASENIA, ROL) values ('jfreebernei', 'ZPvmToy', 'Cliente');
insert into USUARIO (USERNAME, CONTRASENIA, ROL) values ('erzehorj', 'L3zcMB', 'Cliente');
insert into USUARIO (USERNAME, CONTRASENIA, ROL) values ('ahupek', 'F53r0hCV8b', 'Cliente');
insert into USUARIO (USERNAME, CONTRASENIA, ROL) values ('jmaddyl', '4JYmAcQwc', 'Cliente');
insert into USUARIO (USERNAME, CONTRASENIA, ROL) values ('rgoggeym', 'XAnbe8unN7xm', 'Cliente');
insert into USUARIO (USERNAME, CONTRASENIA, ROL) values ('atearlen', '48FMc23', 'Cliente');
insert into USUARIO (USERNAME, CONTRASENIA, ROL) values ('mbrabbso', 'ZX20GEzrpM', 'Cliente');
insert into USUARIO (USERNAME, CONTRASENIA, ROL) values ('tmeekinp', 'u2aPEWUkj8LN', 'Cliente');
insert into USUARIO (USERNAME, CONTRASENIA, ROL) values ('abenedttiq', 'mBVOIyaXK', 'Cliente');
insert into USUARIO (USERNAME, CONTRASENIA, ROL) values ('jrawsthorner', 'stj3kzf7z', 'Cliente');
insert into USUARIO (USERNAME, CONTRASENIA, ROL) values ('akellars', '8fwoEWPj', 'Cliente');
insert into USUARIO (USERNAME, CONTRASENIA, ROL) values ('jjirekt', 'ErJFG3', 'Cliente');

insert into EMPLEADO (DNI, FECHA_NACIMIENTO, PRIM_NOMBRE, PRIM_APELLIDO, SEG_APELLIDO, CORREO, TELEFONO, FECHA_CONTRATACION, USERNAME, DNI_SUPERV) values ('98346550', '23/07/1984', 'Shurwood', 'Heymes', 'Di Dello', 'sdidello0@hatena.ne.jp', '7229080608', '24/05/2011', 'ptunnow0', null);
insert into EMPLEADO (DNI, FECHA_NACIMIENTO, PRIM_NOMBRE, PRIM_APELLIDO, SEG_APELLIDO, CORREO, TELEFONO, FECHA_CONTRATACION, USERNAME, DNI_SUPERV) values ('71954293', '02/05/1971', 'Eada', 'Nusche', 'Larchier', 'elarchier1@blog.com', '1821966544', '18/12/2009', 'rwilby1', null);
insert into EMPLEADO (DNI, FECHA_NACIMIENTO, PRIM_NOMBRE, PRIM_APELLIDO, SEG_APELLIDO, CORREO, TELEFONO, FECHA_CONTRATACION, USERNAME, DNI_SUPERV) values ('74598763', '06/06/1979', 'Florella', 'Leek', 'Blundel', 'fblundel2@unblog.fr', '4053901982', '01/10/2016', 'gmquharge2', null);
insert into EMPLEADO (DNI, FECHA_NACIMIENTO, PRIM_NOMBRE, PRIM_APELLIDO, SEG_APELLIDO, CORREO, TELEFONO, FECHA_CONTRATACION, USERNAME, DNI_SUPERV) values ('87094118', '16/09/1972', 'Jeannette', 'Bower', 'Kauffman', 'jkauffman3@xing.com', '6452237788', '12/12/2010', 'ahenrot3', null);
insert into EMPLEADO (DNI, FECHA_NACIMIENTO, PRIM_NOMBRE, PRIM_APELLIDO, SEG_APELLIDO, CORREO, TELEFONO, FECHA_CONTRATACION, USERNAME, DNI_SUPERV) values ('82007544', '12/12/1984', 'Gabbie', 'Burkwood', 'Cousen', 'gcousen4@reddit.com', '1165140308', '02/03/2008', 'rmeffan4', null);
insert into EMPLEADO (DNI, FECHA_NACIMIENTO, PRIM_NOMBRE, PRIM_APELLIDO, SEG_APELLIDO, CORREO, TELEFONO, FECHA_CONTRATACION, USERNAME, DNI_SUPERV) values ('82104847', '11/10/1974', 'Beniamino', 'Finders', 'Nisbet', 'bnisbet5@china.com.cn', '8913657264', '19/09/2008', 'jcicchelli5', '98346550');
insert into EMPLEADO (DNI, FECHA_NACIMIENTO, PRIM_NOMBRE, PRIM_APELLIDO, SEG_APELLIDO, CORREO, TELEFONO, FECHA_CONTRATACION, USERNAME, DNI_SUPERV) values ('81962634', '18/11/1975', 'Vickie', 'Ege', 'Pavlenkov', 'vpavlenkov6@g.co', '7189093258', '05/02/2011', 'mohrt6', '98346550');
insert into EMPLEADO (DNI, FECHA_NACIMIENTO, PRIM_NOMBRE, PRIM_APELLIDO, SEG_APELLIDO, CORREO, TELEFONO, FECHA_CONTRATACION, USERNAME, DNI_SUPERV) values ('74393231', '03/11/1980', 'Lynda', 'Dolbey', 'Pena', 'lpena7@pinterest.com', '8938111780', '18/05/2012', 'dmeasor7', '71954293');
insert into EMPLEADO (DNI, FECHA_NACIMIENTO, PRIM_NOMBRE, PRIM_APELLIDO, SEG_APELLIDO, CORREO, TELEFONO, FECHA_CONTRATACION, USERNAME, DNI_SUPERV) values ('86872614', '30/01/1987', 'Kathrine', 'Iacomi', 'Ritzman', 'kritzman8@pen.io', '7587746536', '02/06/2013', 'dmcgeachey8', '71954293');
insert into EMPLEADO (DNI, FECHA_NACIMIENTO, PRIM_NOMBRE, PRIM_APELLIDO, SEG_APELLIDO, CORREO, TELEFONO, FECHA_CONTRATACION, USERNAME, DNI_SUPERV) values ('89752103', '30/05/1978', 'Jarrod', 'Bellhouse', 'Guidi', 'jguidi9@wordpress.com', '1365805318', '16/03/2020', 'fseivwright9', '74598763');
insert into EMPLEADO (DNI, FECHA_NACIMIENTO, PRIM_NOMBRE, PRIM_APELLIDO, SEG_APELLIDO, CORREO, TELEFONO, FECHA_CONTRATACION, USERNAME, DNI_SUPERV) values ('86159255', '19/03/1984', 'Gwenore', 'Lambden', 'MacIlriach', 'gmacilriacha@cdc.gov', '9348060550', '04/08/2011', 'psimonyia', '74598763');
insert into EMPLEADO (DNI, FECHA_NACIMIENTO, PRIM_NOMBRE, PRIM_APELLIDO, SEG_APELLIDO, CORREO, TELEFONO, FECHA_CONTRATACION, USERNAME, DNI_SUPERV) values ('79319649', '30/04/1985', 'Fitz', 'Yakubowicz', 'Ridley', 'fridleyb@wikispaces.com', '8857519550', '01/07/2018', 'tgoingb', '87094118');
insert into EMPLEADO (DNI, FECHA_NACIMIENTO, PRIM_NOMBRE, PRIM_APELLIDO, SEG_APELLIDO, CORREO, TELEFONO, FECHA_CONTRATACION, USERNAME, DNI_SUPERV) values ('99926400', '21/10/1984', 'Twila', 'Seifenmacher', 'Barthelmes', 'tbarthelmesc@google.co.jp', '1961312801', '18/02/2018', 'ndumbarc', '87094118');
insert into EMPLEADO (DNI, FECHA_NACIMIENTO, PRIM_NOMBRE, PRIM_APELLIDO, SEG_APELLIDO, CORREO, TELEFONO, FECHA_CONTRATACION, USERNAME, DNI_SUPERV) values ('90787587', '22/12/1970', 'Cristen', 'O''Cridigan', 'Walsh', 'cwalshd@youtu.be', '2427092195', '28/04/2014', 'ljeansd', '82007544');
insert into EMPLEADO (DNI, FECHA_NACIMIENTO, PRIM_NOMBRE, PRIM_APELLIDO, SEG_APELLIDO, CORREO, TELEFONO, FECHA_CONTRATACION, USERNAME, DNI_SUPERV) values ('80424466', '13/06/1990', 'Arty', 'Doggerell', 'Prettejohns', 'aprettejohnse@unblog.fr', '4072459400', '13/12/2017', 'abeltone', '82007544');

insert into EMPRESACLIENTE (RUC, RAZON_SOCIAL, NRO_PROY_CONTRATADOS, NRO_PROY_ACTIVOS) values (27576885658, 'SAC', 5, 2);
insert into EMPRESACLIENTE (RUC, RAZON_SOCIAL, NRO_PROY_CONTRATADOS, NRO_PROY_ACTIVOS) values (11764974043, 'SAC', 6, 4);
insert into EMPRESACLIENTE (RUC, RAZON_SOCIAL, NRO_PROY_CONTRATADOS, NRO_PROY_ACTIVOS) values (29864028768, 'SAC', 4, 4);
insert into EMPRESACLIENTE (RUC, RAZON_SOCIAL, NRO_PROY_CONTRATADOS, NRO_PROY_ACTIVOS) values (21872319677, 'SAC', 4, 1);
insert into EMPRESACLIENTE (RUC, RAZON_SOCIAL, NRO_PROY_CONTRATADOS, NRO_PROY_ACTIVOS) values (28319385386, 'SAA', 6, 2);
insert into EMPRESACLIENTE (RUC, RAZON_SOCIAL, NRO_PROY_CONTRATADOS, NRO_PROY_ACTIVOS) values (15142859644, 'SAA', 5, 4);
insert into EMPRESACLIENTE (RUC, RAZON_SOCIAL, NRO_PROY_CONTRATADOS, NRO_PROY_ACTIVOS) values (13702485552, 'SAA', 3, 3);
insert into EMPRESACLIENTE (RUC, RAZON_SOCIAL, NRO_PROY_CONTRATADOS, NRO_PROY_ACTIVOS) values (23917204723, 'SAA', 7, 4);
insert into EMPRESACLIENTE (RUC, RAZON_SOCIAL, NRO_PROY_CONTRATADOS, NRO_PROY_ACTIVOS) values (21580548594, 'SRL', 7, 2);
insert into EMPRESACLIENTE (RUC, RAZON_SOCIAL, NRO_PROY_CONTRATADOS, NRO_PROY_ACTIVOS) values (19738755197, 'SRL', 4, 3);
insert into EMPRESACLIENTE (RUC, RAZON_SOCIAL, NRO_PROY_CONTRATADOS, NRO_PROY_ACTIVOS) values (11603607006, 'NAT', 1, 1);
insert into EMPRESACLIENTE (RUC, RAZON_SOCIAL, NRO_PROY_CONTRATADOS, NRO_PROY_ACTIVOS) values (24892068418, 'NAT', 2, 1);
insert into EMPRESACLIENTE (RUC, RAZON_SOCIAL, NRO_PROY_CONTRATADOS, NRO_PROY_ACTIVOS) values (16417078788, 'NAT', 1, 1);
insert into EMPRESACLIENTE (RUC, RAZON_SOCIAL, NRO_PROY_CONTRATADOS, NRO_PROY_ACTIVOS) values (16167493027, 'NAT', 5, 3);
insert into EMPRESACLIENTE (RUC, RAZON_SOCIAL, NRO_PROY_CONTRATADOS, NRO_PROY_ACTIVOS) values (16833616989, 'NAT', 6, 2);

insert into REPEMPRESA (DNI, PRIM_NOMBRE, PRIM_APELLIDO, SEG_APELLIDO, CORREO, TELEFONO, USERNAME, RUC_EMPRESA) values (85225047, 'Obediah', 'Mc Caughen', 'Garrigan', 'ogarrigan0@cafepress.com', '6732892797', 'epaddonf', 27576885658);
insert into REPEMPRESA (DNI, PRIM_NOMBRE, PRIM_APELLIDO, SEG_APELLIDO, CORREO, TELEFONO, USERNAME, RUC_EMPRESA) values (97636194, 'Haven', 'Howgego', 'McGinn', 'hmcginn1@tinyurl.com', '8483088331', 'qpeardeg', 11764974043);
insert into REPEMPRESA (DNI, PRIM_NOMBRE, PRIM_APELLIDO, SEG_APELLIDO, CORREO, TELEFONO, USERNAME, RUC_EMPRESA) values (99898021, 'Renie', 'Beenham', 'Nelthorpe', 'rnelthorpe2@gmpg.org', '2021426647', 'izoldh', 29864028768);
insert into REPEMPRESA (DNI, PRIM_NOMBRE, PRIM_APELLIDO, SEG_APELLIDO, CORREO, TELEFONO, USERNAME, RUC_EMPRESA) values (88741873, 'Hallie', 'Welham', 'Willeson', 'hwilleson3@printfriendly.com', '6912853797', 'jfreebernei', 21872319677);
insert into REPEMPRESA (DNI, PRIM_NOMBRE, PRIM_APELLIDO, SEG_APELLIDO, CORREO, TELEFONO, USERNAME, RUC_EMPRESA) values (96469002, 'Montague', 'Terzi', 'Drake', 'mdrake4@opensource.org', '2388531477', 'erzehorj', 28319385386);
insert into REPEMPRESA (DNI, PRIM_NOMBRE, PRIM_APELLIDO, SEG_APELLIDO, CORREO, TELEFONO, USERNAME, RUC_EMPRESA) values (82233012, 'Carmina', 'Haszard', 'Fearnehough', 'cfearnehough5@dmoz.org', '4149347327', 'ahupek', 15142859644);
insert into REPEMPRESA (DNI, PRIM_NOMBRE, PRIM_APELLIDO, SEG_APELLIDO, CORREO, TELEFONO, USERNAME, RUC_EMPRESA) values (75818135, 'Tracy', 'Bransgrove', 'Threadkell', 'tthreadkell6@ask.com', '9158621267', 'jmaddyl', 13702485552);
insert into REPEMPRESA (DNI, PRIM_NOMBRE, PRIM_APELLIDO, SEG_APELLIDO, CORREO, TELEFONO, USERNAME, RUC_EMPRESA) values (95393277, 'Marie', 'Flintoffe', 'Boyson', 'mboyson7@bbb.org', '1539099797', 'rgoggeym', 23917204723);
insert into REPEMPRESA (DNI, PRIM_NOMBRE, PRIM_APELLIDO, SEG_APELLIDO, CORREO, TELEFONO, USERNAME, RUC_EMPRESA) values (79587940, 'Avrom', 'Brabban', 'Roset', 'aroset8@ftc.gov', '1034983258', 'atearlen', 21580548594);
insert into REPEMPRESA (DNI, PRIM_NOMBRE, PRIM_APELLIDO, SEG_APELLIDO, CORREO, TELEFONO, USERNAME, RUC_EMPRESA) values (70536849, 'Janis', 'Eynald', 'Hartropp', 'jhartropp9@mit.edu', '5714234129', 'mbrabbso', 19738755197);
insert into REPEMPRESA (DNI, PRIM_NOMBRE, PRIM_APELLIDO, SEG_APELLIDO, CORREO, TELEFONO, USERNAME, RUC_EMPRESA) values (92667657, 'Babette', 'Berryann', 'Clappison', 'bclappisona@cnet.com', '3522022610', 'tmeekinp', 11603607006);
insert into REPEMPRESA (DNI, PRIM_NOMBRE, PRIM_APELLIDO, SEG_APELLIDO, CORREO, TELEFONO, USERNAME, RUC_EMPRESA) values (70627152, 'Selle', 'Speers', 'Althorp', 'salthorpb@google.de', '6304258117', 'abenedttiq', 24892068418);
insert into REPEMPRESA (DNI, PRIM_NOMBRE, PRIM_APELLIDO, SEG_APELLIDO, CORREO, TELEFONO, USERNAME, RUC_EMPRESA) values (98784516, 'Isac', 'Deny', 'McGarrahan', 'imcgarrahanc@apple.com', '3619177906', 'jrawsthorner', 16417078788);
insert into REPEMPRESA (DNI, PRIM_NOMBRE, PRIM_APELLIDO, SEG_APELLIDO, CORREO, TELEFONO, USERNAME, RUC_EMPRESA) values (94652126, 'Kara-lynn', 'Dwelly', 'McDonald', 'kmcdonaldd@globo.com', '7449630528', 'akellars', 16167493027);
insert into REPEMPRESA (DNI, PRIM_NOMBRE, PRIM_APELLIDO, SEG_APELLIDO, CORREO, TELEFONO, USERNAME, RUC_EMPRESA) values (85267264, 'Craggy', 'Snedden', 'Aldersley', 'caldersleye@diigo.com', '3072156637', 'jjirekt', 16833616989);

INSERT INTO PROYECTO VALUES ('B&PS-PAC-PC-0001','Barcaza','aplazado','05-06-2021','05-10-2021',null,null,'85225047');
INSERT INTO PROYECTO VALUES ('B&PS-PAC-PC-0002','Ponton Auxiliar','cerrado','05-06-2019','15-01-2020','08-06-2019','16-01-2020','97636194');
INSERT INTO PROYECTO VALUES ('B&PS-PAC-PC-0003','Ponton Principal','en ejecucion','01-07-2021','05-10-2021','07-07-2021',null,'99898021');
INSERT INTO PROYECTO VALUES ('B&PS-PAC-PC-0004','Andamio','en ejecucion','14-02-2021','05-10-2021','10-02-2021',null,'88741873');
INSERT INTO PROYECTO VALUES ('B&PS-PAC-PC-0005','BARCAZAS PARA DEWATERING','En ejecucion','10-03-2021','10-08-2021','15-03-2021',null,'96469002');
INSERT INTO PROYECTO VALUES ('B&PS-PAC-PC-0006','Barcaza','aplazado','22-04-2021','17-11-2021',null,null,'82233012');
INSERT INTO PROYECTO VALUES ('B&PS-PAC-PC-0007','Ponton Auxiliar','cerrado','19-01-2019','15-01-2020','08-02-2019','16-01-2020','75818135');
INSERT INTO PROYECTO VALUES ('B&PS-PAC-PC-0008','ponton principal','en ejecucion','14-05-2021','09-12-2021','10-05-2021',null,'95393277');
INSERT INTO PROYECTO VALUES ('B&PS-PAC-PC-0009','andamio','en ejecucion','21-04-2021','16-11-2021','21-04-2021',null,'79587940');
INSERT INTO PROYECTO VALUES ('B&PS-PAC-PC-0010','gabarra','en ejecucion','10-04-2021','10-08-2021','15-04-2021',null,'70536849');
INSERT INTO PROYECTO VALUES ('B&PS-PAC-PC-0011','barcaza','aplazado','27-05-2021','11-10-2021',null,null,'92667657');
INSERT INTO PROYECTO VALUES ('B&PS-PAC-PC-0012','ponton auxiliar','cerrado','07-08-2019','17-05-2020','01-09-2019','17-05-2020','70627152');
INSERT INTO PROYECTO VALUES ('B&PS-PAC-PC-0013','ponton principal','en ejecucion','01-07-2021','05-10-201','07-07-2021',null,'98784516');
INSERT INTO PROYECTO VALUES ('B&PS-PAC-PC-0014','andamio','en ejecucion','14-02-2021','05-10-2021','10-02-2021',null,'94652126');
INSERT INTO PROYECTO VALUES ('B&PS-PAC-PC-0015','gabarra','en ejecucion','10-03-2021','10-08-2021','15-03-2021',null,'85267264');

INSERT INTO TIPOACTIVIDAD VALUES( 'A0001','INSPECCION VISUAL DE SOLDADURA','Se realiza la inspeccion visual de la soldadura','ISO-15000',1,'INI','IV','PC1');
INSERT INTO TIPOACTIVIDAD VALUES( 'A0002','FABRICACION DE FLOTADORES','Se realiza la fabricación de flotadores','ISO-1530',3,'INI','ID','PC3');
INSERT INTO TIPOACTIVIDAD VALUES( 'A0003','INSPECCION CON TINTES','Se realiza la inspeccion de soldadura usando tintes penetrantes','ISO-15860',2,'FIN','END','PC2');
INSERT INTO TIPOACTIVIDAD VALUES( 'A0004','CONTROLES DIMENSIONALES','Se realiza el control dimensional','ISO-15050',4,'ACT','END','PC1');
INSERT INTO TIPOACTIVIDAD VALUES( 'A0005','PROCEDIMIENTO DE ULTRASONIDO','Se realizan pruebas utilizando ultrasonido','ISO-15670',1,'FIN','END','PC3');

INSERT INTO ACTIVIDAD VALUES ('B&PS-PAC-PC-A50', 'A0001','NO INICIADA', '15-07-2021', '22-08-2021',null,null,'B&PS-PAC-PC-0001');
INSERT INTO ACTIVIDAD VALUES ('B&PS-PAC-PC-A50', 'A0002','NO INICIADA', '25-08-2021', '23-09-2021',null,null,'B&PS-PAC-PC-0001');
INSERT INTO ACTIVIDAD VALUES ('B&PS-PAC-PC-A50', 'A0003','NO INICIADA', '23-09-2021', '20-10-2021',null,null,'B&PS-PAC-PC-0001');
INSERT INTO ACTIVIDAD VALUES ('B&PS-PAC-PC-A51', 'A0003','FINALIZADA', '17-06-2019', '15-08-2019','17-06-2019','14-08-2019','B&PS-PAC-PC-0002');
INSERT INTO ACTIVIDAD VALUES ('B&PS-PAC-PC-A51', 'A0004','FINALIZADA', '16-08-2019', '11-10-2019','16-08-2019','11-10-2019','B&PS-PAC-PC-0002');
INSERT INTO ACTIVIDAD VALUES ('B&PS-PAC-PC-A51', 'A0005','FINALIZADA', '14-10-2019', '15-01-2020','15-10-2019','15-01-2020','B&PS-PAC-PC-0002');
INSERT INTO ACTIVIDAD VALUES ('B&PS-PAC-PC-A52', 'A0001','FINALIZADA', '10-07-2021', '12-09-2021','11-07-2021','12-09-2021','B&PS-PAC-PC-0003');
INSERT INTO ACTIVIDAD VALUES ('B&PS-PAC-PC-A52', 'A0003','EN EJECUCION', '14-08-2021', '04-10-2021','16-08-2021',null,'B&PS-PAC-PC-0003');
INSERT INTO ACTIVIDAD VALUES ('B&PS-PAC-PC-A52', 'A0002','NO INICIADA', '25-08-2021', '30-09-2021',null,null,'B&PS-PAC-PC-0003');
INSERT INTO ACTIVIDAD VALUES ('B&PS-PAC-PC-A53', 'A0004','FINALIZADA', '11-02-2021', '25-03-2021','12-02-2021','28-03-2021','B&PS-PAC-PC-0004');
INSERT INTO ACTIVIDAD VALUES ('B&PS-PAC-PC-A53', 'A0001','EN EJECUCION', '01-04-2021', '10-08-2021','04-04-2021',null,'B&PS-PAC-PC-0004');
INSERT INTO ACTIVIDAD VALUES ('B&PS-PAC-PC-A53', 'A0002','EN EJECUCION', '15-06-2021', '12-10-2021','20-06-2021',null,'B&PS-PAC-PC-0004');
INSERT INTO ACTIVIDAD VALUES ('B&PS-PAC-PC-A54', 'A0005','FINALIZADA', '15-03-2021', '30-05-2021','17-03-2021','31-05-2021','B&PS-PAC-PC-0005');
INSERT INTO ACTIVIDAD VALUES ('B&PS-PAC-PC-A54', 'A0003','NO INICIADA', '31-05-2021', '10-08-2021',null,null,'B&PS-PAC-PC-0005');
INSERT INTO ACTIVIDAD VALUES ('B&PS-PAC-PC-A54', 'A0001','NO INICIADA', '25-04-2021', '15-07-2021',null,null,'B&PS-PAC-PC-0005');

INSERT INTO ACTIVIDAD VALUES ('B&PS-PAC-PC-A55', 'A0002','NO INICIADA', '22-04-2021', '22-07-2021',null,null,'B&PS-PAC-PC-0006');
INSERT INTO ACTIVIDAD VALUES ('B&PS-PAC-PC-A55', 'A0003','NO INICIADA', '25-05-2021', '21-08-2021',null,null,'B&PS-PAC-PC-0006');
INSERT INTO ACTIVIDAD VALUES ('B&PS-PAC-PC-A55', 'A0004','NO INICIADA', '19-07-2021', '15-11-2021',null,null,'B&PS-PAC-PC-0006');
INSERT INTO ACTIVIDAD VALUES ('B&PS-PAC-PC-A56', 'A0004','FINALIZADA', '19-01-2019', '15-04-2019','17-01-2019','14-04-2019','B&PS-PAC-PC-0007');
INSERT INTO ACTIVIDAD VALUES ('B&PS-PAC-PC-A56', 'A0005','FINALIZADA', '29-05-2019', '11-08-2019','27-05-2019','11-08-2019','B&PS-PAC-PC-0007');
INSERT INTO ACTIVIDAD VALUES ('B&PS-PAC-PC-A56', 'A0001','FINALIZADA', '15-09-2019', '15-01-2020','17-09-2019','13-01-2020','B&PS-PAC-PC-0007');
INSERT INTO ACTIVIDAD VALUES ('B&PS-PAC-PC-A57', 'A0002','FINALIZADA', '10-05-2021', '12-12-2021','12-05-2021','13-12-2021','B&PS-PAC-PC-0008');
INSERT INTO ACTIVIDAD VALUES ('B&PS-PAC-PC-A57', 'A0004','EN EJECUCION', '17-08-2021', '21-10-2021','20-08-2021',null,'B&PS-PAC-PC-0008');
INSERT INTO ACTIVIDAD VALUES ('B&PS-PAC-PC-A57', 'A0003','NO INICIADA', '15-07-2021', '30-11-2021',null,null,'B&PS-PAC-PC-0008');
INSERT INTO ACTIVIDAD VALUES ('B&PS-PAC-PC-A58', 'A0005','FINALIZADA', '22-04-2021', '25-06-2021','28-04-2021','30-06-2021','B&PS-PAC-PC-0009');
INSERT INTO ACTIVIDAD VALUES ('B&PS-PAC-PC-A58', 'A0002','EN EJECUCION', '11-05-2021', '10-09-2021','14-05-2021',null,'B&PS-PAC-PC-0009');
INSERT INTO ACTIVIDAD VALUES ('B&PS-PAC-PC-A58', 'A0003','EN EJECUCION', '17-08-2021', '16-11-2021','20-08-2021',null,'B&PS-PAC-PC-0009');
INSERT INTO ACTIVIDAD VALUES ('B&PS-PAC-PC-A59', 'A0001','FINALIZADA', '11-04-2021', '30-05-2021','17-04-2021','31-05-2021','B&PS-PAC-PC-0010');
INSERT INTO ACTIVIDAD VALUES ('B&PS-PAC-PC-A59', 'A0004','NO INICIADA', '27-05-2021', '10-08-2021',null,null,'B&PS-PAC-PC-0010');
INSERT INTO ACTIVIDAD VALUES ('B&PS-PAC-PC-A59', 'A0002','NO INICIADA', '13-04-2021', '16-07-2021',null,null,'B&PS-PAC-PC-0010');

INSERT INTO ACTIVIDAD VALUES ('B&PS-PAC-PC-A60', 'A0003','NO INICIADA', '15-05-2021', '22-08-2021',null,null,'B&PS-PAC-PC-0011');
INSERT INTO ACTIVIDAD VALUES ('B&PS-PAC-PC-A60', 'A0004','NO INICIADA', '24-08-2021', '23-09-2021',null,null,'B&PS-PAC-PC-0011');
INSERT INTO ACTIVIDAD VALUES ('B&PS-PAC-PC-A60', 'A0005','NO INICIADA', '22-09-2021', '14-10-2021',null,null,'B&PS-PAC-PC-0011');
INSERT INTO ACTIVIDAD VALUES ('B&PS-PAC-PC-A61', 'A0005','FINALIZADA', '18-08-2019', '16-10-2019','17-08-2019','14-10-2019','B&PS-PAC-PC-0012');
INSERT INTO ACTIVIDAD VALUES ('B&PS-PAC-PC-A61', 'A0001','FINALIZADA', '16-10-2019', '11-12-2019','16-10-2019','11-12-2019','B&PS-PAC-PC-0012');
INSERT INTO ACTIVIDAD VALUES ('B&PS-PAC-PC-A61', 'A0002','FINALIZADA', '14-12-2019', '17-05-2020','15-12-2019','14-05-2020','B&PS-PAC-PC-0012');
INSERT INTO ACTIVIDAD VALUES ('B&PS-PAC-PC-A62', 'A0003','FINALIZADA', '10-07-2021', '12-09-2021','11-07-2021','12-09-2021','B&PS-PAC-PC-0013');
INSERT INTO ACTIVIDAD VALUES ('B&PS-PAC-PC-A62', 'A0005','EN EJECUCION', '01-08-2021', '03-10-2021','09-08-2021',null,'B&PS-PAC-PC-0013');
INSERT INTO ACTIVIDAD VALUES ('B&PS-PAC-PC-A62', 'A0004','NO INICIADA', '24-08-2021', '30-09-2021',null,null,'B&PS-PAC-PC-0013');
INSERT INTO ACTIVIDAD VALUES ('B&PS-PAC-PC-A63', 'A0001','FINALIZADA', '15-02-2021', '28-04-2021','18-02-2021','28-04-2021','B&PS-PAC-PC-0014');
INSERT INTO ACTIVIDAD VALUES ('B&PS-PAC-PC-A63', 'A0003','EN EJECUCION', '11-04-2021', '10-08-2021','17-04-2021',null,'B&PS-PAC-PC-0014');
INSERT INTO ACTIVIDAD VALUES ('B&PS-PAC-PC-A63', 'A0004','EN EJECUCION', '17-06-2021', '01-10-2021','20-06-2021',null,'B&PS-PAC-PC-0014');
INSERT INTO ACTIVIDAD VALUES ('B&PS-PAC-PC-A64', 'A0002','FINALIZADA', '15-03-2021', '30-05-2021','17-03-2021','31-05-2021','B&PS-PAC-PC-0015');
INSERT INTO ACTIVIDAD VALUES ('B&PS-PAC-PC-A64', 'A0005','NO INICIADA', '31-05-2021', '10-08-2021',null,null,'B&PS-PAC-PC-0015');
INSERT INTO ACTIVIDAD VALUES ('B&PS-PAC-PC-A64', 'A0003','NO INICIADA', '25-04-2021', '15-07-2021',null,null,'B&PS-PAC-PC-0015');

INSERT INTO INFORME (CODIGO, NOMBRE, FECHA,URL_PLANO, CODIGO_ACT, CODIGO_TIPO_ACT,DNI_EMPLEADO, RESUMEN, NORMA_REF) VALUES ('B&PS-INFO-0001' ,'Informe de Trazabilidad', '05-03-2021','WWW.INFO.PLANO1.COM',       'B&PS-PAC-PC-A50', 'A0001',82104847,'informe concluido','AWS-D1.1');
INSERT INTO INFORME (CODIGO, NOMBRE, FECHA,URL_PLANO, CODIGO_ACT, CODIGO_TIPO_ACT,DNI_EMPLEADO, RESUMEN, NORMA_REF) VALUES ('B&PS-INFO-0002' ,'Informe de Inspeccion Visual', '26-04-2021', 'WWW.INFO.PLANO2.COM', 'B&PS-PAC-PC-A50', 'A0002',82104847,'existe una anormalidad','ISO-14830-A');
INSERT INTO INFORME (CODIGO, NOMBRE, FECHA,URL_PLANO, CODIGO_ACT, CODIGO_TIPO_ACT,DNI_EMPLEADO, RESUMEN, NORMA_REF) VALUES ('B&PS-INFO-0003' ,'Informe de Liquido penetrante', '17-05-2021', 'WWW.INFO.PLANO3.COM','B&PS-PAC-PC-A50', 'A0003',82104847,'existe un error','ISO-13920-B');
INSERT INTO INFORME (CODIGO, NOMBRE, FECHA,URL_PLANO, CODIGO_ACT, CODIGO_TIPO_ACT,DNI_EMPLEADO, RESUMEN, NORMA_REF) VALUES ('B&PS-INFO-0004' ,'Informe de Trazabilidad', '25-02-2019', 'WWW.INFO.PLANO4.COM',      'B&PS-PAC-PC-A51', 'A0003',82104847,'informe concluido','ISO-13920-B');
INSERT INTO INFORME (CODIGO, NOMBRE, FECHA,URL_PLANO, CODIGO_ACT, CODIGO_TIPO_ACT,DNI_EMPLEADO, RESUMEN, NORMA_REF) VALUES ('B&PS-INFO-0005' ,'Informe de Liquido penetrante', '18-01-2020', 'WWW.INFO.PLANO5.COM','B&PS-PAC-PC-A51', 'A0004',82104847,'existe un error','AWS-D1.1');
INSERT INTO INFORME (CODIGO, NOMBRE, FECHA,URL_PLANO, CODIGO_ACT, CODIGO_TIPO_ACT,DNI_EMPLEADO, RESUMEN, NORMA_REF) VALUES ('B&PS-INFO-0006' ,'Informe de Trazabilidad', '05-03-2019','WWW.INFO.PLANO6.COM',       'B&PS-PAC-PC-A51', 'A0005',82104847,'existe una anormalidad','ISO-14830-A');
INSERT INTO INFORME (CODIGO, NOMBRE, FECHA,URL_PLANO, CODIGO_ACT, CODIGO_TIPO_ACT,DNI_EMPLEADO, RESUMEN, NORMA_REF) VALUES ('B&PS-INFO-0007' ,'Informe de Inspeccion Visual', '26-04-2021', 'WWW.INFO.PLANO7.COM', 'B&PS-PAC-PC-A52', 'A0001',81962634,'informe concluido','AWS-D1.1');
INSERT INTO INFORME (CODIGO, NOMBRE, FECHA,URL_PLANO, CODIGO_ACT, CODIGO_TIPO_ACT,DNI_EMPLEADO, RESUMEN, NORMA_REF) VALUES ('B&PS-INFO-0008' ,'Informe de Liquido penetrante', '17-05-2021', 'WWW.INFO.PLANO8.COM','B&PS-PAC-PC-A52', 'A0003',81962634,'existe una anormalidad','ISO-14830-A');
INSERT INTO INFORME (CODIGO, NOMBRE, FECHA,URL_PLANO, CODIGO_ACT, CODIGO_TIPO_ACT,DNI_EMPLEADO, RESUMEN, NORMA_REF) VALUES ('B&PS-INFO-0009' ,'Informe de Trazabilidad', '25-02-2021', 'WWW.INFO.PLANO9.COM',      'B&PS-PAC-PC-A52', 'A0002',81962634,'existe un error','ISO-13920-B');
INSERT INTO INFORME (CODIGO, NOMBRE, FECHA,URL_PLANO, CODIGO_ACT, CODIGO_TIPO_ACT,DNI_EMPLEADO, RESUMEN, NORMA_REF) VALUES ('B&PS-INFO-0010' ,'Informe de Liquido penetrante', '18-01-2021', 'WWW.INFO.PLANO10.COM','B&PS-PAC-PC-A53', 'A0004',74393231,'existe una anormalidad','ISO-14830-A');
INSERT INTO INFORME (CODIGO, NOMBRE, FECHA,URL_PLANO, CODIGO_ACT, CODIGO_TIPO_ACT,DNI_EMPLEADO, RESUMEN, NORMA_REF) VALUES ('B&PS-INFO-0011' ,'Informe de Trazabilidad', '05-03-2021','WWW.INFO.PLANO11.COM',       'B&PS-PAC-PC-A53', 'A0001',74393231,'informe concluido','AWS-D1.1');
INSERT INTO INFORME (CODIGO, NOMBRE, FECHA,URL_PLANO, CODIGO_ACT, CODIGO_TIPO_ACT,DNI_EMPLEADO, RESUMEN, NORMA_REF) VALUES ('B&PS-INFO-0012' ,'Informe de Inspeccion Visual', '26-04-2021', 'WWW.INFO.PLANO12.COM', 'B&PS-PAC-PC-A53', 'A0002',74393231,'existe una anormalidad','ISO-14830-A');
INSERT INTO INFORME (CODIGO, NOMBRE, FECHA,URL_PLANO, CODIGO_ACT, CODIGO_TIPO_ACT,DNI_EMPLEADO, RESUMEN, NORMA_REF) VALUES ('B&PS-INFO-0013' ,'Informe de Liquido penetrante', '17-05-2021', 'WWW.INFO.PLANO13.COM','B&PS-PAC-PC-A54', 'A0005',74393231,'informe concluido','ISO-13920-B');
INSERT INTO INFORME (CODIGO, NOMBRE, FECHA,URL_PLANO, CODIGO_ACT, CODIGO_TIPO_ACT,DNI_EMPLEADO, RESUMEN, NORMA_REF) VALUES ('B&PS-INFO-0014' ,'Informe de Trazabilidad', '25-02-2021', 'WWW.INFO.PLANO14.COM',      'B&PS-PAC-PC-A54', 'A0003',74393231,'existe un error','AWS-D1.1');
INSERT INTO INFORME (CODIGO, NOMBRE, FECHA,URL_PLANO, CODIGO_ACT, CODIGO_TIPO_ACT,DNI_EMPLEADO, RESUMEN, NORMA_REF) VALUES ('B&PS-INFO-0015' ,'Informe de Liquido penetrante', '18-01-2021', 'WWW.INFO.PLANO15.COM','B&PS-PAC-PC-A54', 'A0001',74393231,'existe una anormalidad','ISO-14830-A');
INSERT INTO INFORME (CODIGO, NOMBRE, FECHA,URL_PLANO, CODIGO_ACT, CODIGO_TIPO_ACT,DNI_EMPLEADO, RESUMEN, NORMA_REF) VALUES ('B&PS-INFO-0016' ,'Informe de Trazabilidad', '05-03-2021','WWW.INFO.PLANO16.COM',       'B&PS-PAC-PC-A55', 'A0002',86872614,'informe concluido','ISO-13920-B');
INSERT INTO INFORME (CODIGO, NOMBRE, FECHA,URL_PLANO, CODIGO_ACT, CODIGO_TIPO_ACT,DNI_EMPLEADO, RESUMEN, NORMA_REF) VALUES ('B&PS-INFO-0017' ,'Informe de Inspeccion Visual', '26-04-2021', 'WWW.INFO.PLANO17.COM', 'B&PS-PAC-PC-A55', 'A0003',86872614,'existe un error','ISO-14830-A');
INSERT INTO INFORME (CODIGO, NOMBRE, FECHA,URL_PLANO, CODIGO_ACT, CODIGO_TIPO_ACT,DNI_EMPLEADO, RESUMEN, NORMA_REF) VALUES ('B&PS-INFO-0018' ,'Informe de Liquido penetrante', '17-05-2021', 'WWW.INFO.PLANO18.COM','B&PS-PAC-PC-A55', 'A0004',86872614,'existe una anormalidad','AWS-D1.1');
INSERT INTO INFORME (CODIGO, NOMBRE, FECHA,URL_PLANO, CODIGO_ACT, CODIGO_TIPO_ACT,DNI_EMPLEADO, RESUMEN, NORMA_REF) VALUES ('B&PS-INFO-0019' ,'Informe de Trazabilidad', '25-02-2019', 'WWW.INFO.PLANO19.COM',      'B&PS-PAC-PC-A56', 'A0004',89752103,'informe concluido','ISO-14830-A');
INSERT INTO INFORME (CODIGO, NOMBRE, FECHA,URL_PLANO, CODIGO_ACT, CODIGO_TIPO_ACT,DNI_EMPLEADO, RESUMEN, NORMA_REF) VALUES ('B&PS-INFO-0020' ,'Informe de Liquido penetrante', '18-01-2020', 'WWW.INFO.PLANO20.COM','B&PS-PAC-PC-A56', 'A0005',89752103,'existe un error','ISO-13920-B');
INSERT INTO INFORME (CODIGO, NOMBRE, FECHA,URL_PLANO, CODIGO_ACT, CODIGO_TIPO_ACT,DNI_EMPLEADO, RESUMEN, NORMA_REF) VALUES ('B&PS-INFO-0021' ,'Informe de Trazabilidad', '05-03-2019','WWW.INFO.PLANO21.COM',       'B&PS-PAC-PC-A56', 'A0001',89752103,'existe una anormalidad','AWS-D1.1');
INSERT INTO INFORME (CODIGO, NOMBRE, FECHA,URL_PLANO, CODIGO_ACT, CODIGO_TIPO_ACT,DNI_EMPLEADO, RESUMEN, NORMA_REF) VALUES ('B&PS-INFO-0022' ,'Informe de Inspeccion Visual', '26-04-2021', 'WWW.INFO.PLANO22.COM', 'B&PS-PAC-PC-A57', 'A0002',86159255,'informe concluido','ISO-14830-A');
INSERT INTO INFORME (CODIGO, NOMBRE, FECHA,URL_PLANO, CODIGO_ACT, CODIGO_TIPO_ACT,DNI_EMPLEADO, RESUMEN, NORMA_REF) VALUES ('B&PS-INFO-0023' ,'Informe de Liquido penetrante', '17-05-2021', 'WWW.INFO.PLANO23.COM','B&PS-PAC-PC-A57', 'A0004',86159255,'existe una anormalidad','ISO-13920-B');
INSERT INTO INFORME (CODIGO, NOMBRE, FECHA,URL_PLANO, CODIGO_ACT, CODIGO_TIPO_ACT,DNI_EMPLEADO, RESUMEN, NORMA_REF) VALUES ('B&PS-INFO-0024' ,'Informe de Trazabilidad', '25-02-2021', 'WWW.INFO.PLANO24.COM',      'B&PS-PAC-PC-A57', 'A0003',86159255,'existe un error','AWS-D1.1');
INSERT INTO INFORME (CODIGO, NOMBRE, FECHA,URL_PLANO, CODIGO_ACT, CODIGO_TIPO_ACT,DNI_EMPLEADO, RESUMEN, NORMA_REF) VALUES ('B&PS-INFO-0025' ,'Informe de Liquido penetrante', '18-01-2021', 'WWW.INFO.PLANO25.COM','B&PS-PAC-PC-A58', 'A0005',79319649,'existe una anormalidad','ISO-14830-A');
INSERT INTO INFORME (CODIGO, NOMBRE, FECHA,URL_PLANO, CODIGO_ACT, CODIGO_TIPO_ACT,DNI_EMPLEADO, RESUMEN, NORMA_REF) VALUES ('B&PS-INFO-0026' ,'Informe de Trazabilidad', '05-03-2021','WWW.INFO.PLANO26.COM',       'B&PS-PAC-PC-A58', 'A0002',79319649,'informe concluido','ISO-14830-A');
INSERT INTO INFORME (CODIGO, NOMBRE, FECHA,URL_PLANO, CODIGO_ACT, CODIGO_TIPO_ACT,DNI_EMPLEADO, RESUMEN, NORMA_REF) VALUES ('B&PS-INFO-0027' ,'Informe de Inspeccion Visual', '26-04-2021', 'WWW.INFO.PLANO27.COM', 'B&PS-PAC-PC-A58', 'A0003',79319649,'existe una anormalidad','ISO-13920-B');
INSERT INTO INFORME (CODIGO, NOMBRE, FECHA,URL_PLANO, CODIGO_ACT, CODIGO_TIPO_ACT,DNI_EMPLEADO, RESUMEN, NORMA_REF) VALUES ('B&PS-INFO-0028' ,'Informe de Liquido penetrante', '17-05-2021', 'WWW.INFO.PLANO28.COM','B&PS-PAC-PC-A59', 'A0001',79319649,'existe un error','AWS-D1.1');
INSERT INTO INFORME (CODIGO, NOMBRE, FECHA,URL_PLANO, CODIGO_ACT, CODIGO_TIPO_ACT,DNI_EMPLEADO, RESUMEN, NORMA_REF) VALUES ('B&PS-INFO-0029' ,'Informe de Trazabilidad', '25-02-2021', 'WWW.INFO.PLANO29.COM',      'B&PS-PAC-PC-A59', 'A0004',79319649,'informe concluido','ISO-14830-A');
INSERT INTO INFORME (CODIGO, NOMBRE, FECHA,URL_PLANO, CODIGO_ACT, CODIGO_TIPO_ACT,DNI_EMPLEADO, RESUMEN, NORMA_REF) VALUES ('B&PS-INFO-0030' ,'Informe de Liquido penetrante', '18-01-2021', 'WWW.INFO.PLANO30.COM','B&PS-PAC-PC-A59', 'A0002',79319649,'existe una anormalidad','ISO-13920-B');
INSERT INTO INFORME (CODIGO, NOMBRE, FECHA,URL_PLANO, CODIGO_ACT, CODIGO_TIPO_ACT,DNI_EMPLEADO, RESUMEN, NORMA_REF) VALUES ('B&PS-INFO-0031' ,'Informe de Trazabilidad', '05-03-2021','WWW.INFO.PLANO31.COM',       'B&PS-PAC-PC-A60', 'A0003',99926400,'informe concluido','AWS-D1.1');
INSERT INTO INFORME (CODIGO, NOMBRE, FECHA,URL_PLANO, CODIGO_ACT, CODIGO_TIPO_ACT,DNI_EMPLEADO, RESUMEN, NORMA_REF) VALUES ('B&PS-INFO-0032' ,'Informe de Inspeccion Visual', '26-04-2021', 'WWW.INFO.PLANO32.COM', 'B&PS-PAC-PC-A60', 'A0004',99926400,'existe una anormalidad','ISO-14830-A');
INSERT INTO INFORME (CODIGO, NOMBRE, FECHA,URL_PLANO, CODIGO_ACT, CODIGO_TIPO_ACT,DNI_EMPLEADO, RESUMEN, NORMA_REF) VALUES ('B&PS-INFO-0033' ,'Informe de Liquido penetrante', '17-05-2021', 'WWW.INFO.PLANO33.COM','B&PS-PAC-PC-A60', 'A0005',99926400,'informe concluido','ISO-13920-B');
INSERT INTO INFORME (CODIGO, NOMBRE, FECHA,URL_PLANO, CODIGO_ACT, CODIGO_TIPO_ACT,DNI_EMPLEADO, RESUMEN, NORMA_REF) VALUES ('B&PS-INFO-0034' ,'Informe de Trazabilidad', '25-02-2019', 'WWW.INFO.PLANO34.COM',      'B&PS-PAC-PC-A61', 'A0005',90787587,'existe un error','AWS-D1.1');
INSERT INTO INFORME (CODIGO, NOMBRE, FECHA,URL_PLANO, CODIGO_ACT, CODIGO_TIPO_ACT,DNI_EMPLEADO, RESUMEN, NORMA_REF) VALUES ('B&PS-INFO-0035' ,'Informe de Liquido penetrante', '18-01-2020', 'WWW.INFO.PLANO35.COM','B&PS-PAC-PC-A61', 'A0001',90787587,'existe una anormalidad','ISO-14830-A');
INSERT INTO INFORME (CODIGO, NOMBRE, FECHA,URL_PLANO, CODIGO_ACT, CODIGO_TIPO_ACT,DNI_EMPLEADO, RESUMEN, NORMA_REF) VALUES ('B&PS-INFO-0036' ,'Informe de Trazabilidad', '05-03-2019','WWW.INFO.PLANO36.COM',       'B&PS-PAC-PC-A61', 'A0002',90787587,'informe concluido','ISO-14830-A');
INSERT INTO INFORME (CODIGO, NOMBRE, FECHA,URL_PLANO, CODIGO_ACT, CODIGO_TIPO_ACT,DNI_EMPLEADO, RESUMEN, NORMA_REF) VALUES ('B&PS-INFO-0037' ,'Informe de Inspeccion Visual', '26-04-2021', 'WWW.INFO.PLANO37.COM', 'B&PS-PAC-PC-A62', 'A0003',90787587,'existe una anormalidad','AWS-D1.1');
INSERT INTO INFORME (CODIGO, NOMBRE, FECHA,URL_PLANO, CODIGO_ACT, CODIGO_TIPO_ACT,DNI_EMPLEADO, RESUMEN, NORMA_REF) VALUES ('B&PS-INFO-0038' ,'Informe de Liquido penetrante', '17-05-2021', 'WWW.INFO.PLANO38.COM','B&PS-PAC-PC-A62', 'A0005',90787587,'existe un error','ISO-13920-B');
INSERT INTO INFORME (CODIGO, NOMBRE, FECHA,URL_PLANO, CODIGO_ACT, CODIGO_TIPO_ACT,DNI_EMPLEADO, RESUMEN, NORMA_REF) VALUES ('B&PS-INFO-0039' ,'Informe de Trazabilidad', '25-02-2021', 'WWW.INFO.PLANO39.COM',      'B&PS-PAC-PC-A62', 'A0004',90787587,'informe concluido','ISO-14830-A');
INSERT INTO INFORME (CODIGO, NOMBRE, FECHA,URL_PLANO, CODIGO_ACT, CODIGO_TIPO_ACT,DNI_EMPLEADO, RESUMEN, NORMA_REF) VALUES ('B&PS-INFO-0040' ,'Informe de Liquido penetrante', '18-01-2021', 'WWW.INFO.PLANO40.COM','B&PS-PAC-PC-A63', 'A0001',80424466,'existe una anormalidad','AWS-D1.1');
INSERT INTO INFORME (CODIGO, NOMBRE, FECHA,URL_PLANO, CODIGO_ACT, CODIGO_TIPO_ACT,DNI_EMPLEADO, RESUMEN, NORMA_REF) VALUES ('B&PS-INFO-0041' ,'Informe de Trazabilidad', '05-03-2021','WWW.INFO.PLANO41.COM',       'B&PS-PAC-PC-A63', 'A0003',80424466,'existe un error','ISO-13920-B');
INSERT INTO INFORME (CODIGO, NOMBRE, FECHA,URL_PLANO, CODIGO_ACT, CODIGO_TIPO_ACT,DNI_EMPLEADO, RESUMEN, NORMA_REF) VALUES ('B&PS-INFO-0042' ,'Informe de Inspeccion Visual', '26-04-2021', 'WWW.INFO.PLANO42.COM', 'B&PS-PAC-PC-A63', 'A0004',80424466,'informe concluido','ISO-14830-A');
INSERT INTO INFORME (CODIGO, NOMBRE, FECHA,URL_PLANO, CODIGO_ACT, CODIGO_TIPO_ACT,DNI_EMPLEADO, RESUMEN, NORMA_REF) VALUES ('B&PS-INFO-0043' ,'Informe de Liquido penetrante', '17-05-2021', 'WWW.INFO.PLANO43.COM','B&PS-PAC-PC-A64', 'A0002',80424466,'existe una anormalidad','ISO-13920-B');
INSERT INTO INFORME (CODIGO, NOMBRE, FECHA,URL_PLANO, CODIGO_ACT, CODIGO_TIPO_ACT,DNI_EMPLEADO, RESUMEN, NORMA_REF) VALUES ('B&PS-INFO-0044' ,'Informe de Trazabilidad', '25-02-2021', 'WWW.INFO.PLANO44.COM',      'B&PS-PAC-PC-A64', 'A0005',80424466,'existe un error','AWS-D1.1');
INSERT INTO INFORME (CODIGO, NOMBRE, FECHA,URL_PLANO, CODIGO_ACT, CODIGO_TIPO_ACT,DNI_EMPLEADO, RESUMEN, NORMA_REF) VALUES ('B&PS-INFO-0045' ,'Informe de Liquido penetrante', '18-01-2021', 'WWW.INFO.PLANO45.COM','B&PS-PAC-PC-A64', 'A0003',80424466,'informe concluido','ISO-13920-B');


insert into STAFF_PROYECTO (DNI_EMPLEADO, CODIGO_PROY, ROL_PROY, FECHA_INICIO_VIGENCIA, FECHA_FIN_VIGENCIA) values ('98346550', 'B&PS-PAC-PC-0001', 'Jefe', '22/01/2020', '08/03/2021');
insert into STAFF_PROYECTO (DNI_EMPLEADO, CODIGO_PROY, ROL_PROY, FECHA_INICIO_VIGENCIA, FECHA_FIN_VIGENCIA) values ('71954293', 'B&PS-PAC-PC-0002', 'Jefe', '15/11/2019', '09/01/2021');
insert into STAFF_PROYECTO (DNI_EMPLEADO, CODIGO_PROY, ROL_PROY, FECHA_INICIO_VIGENCIA, FECHA_FIN_VIGENCIA) values ('74598763', 'B&PS-PAC-PC-0003', 'Jefe', '04/04/2019', '01/12/2020');
insert into STAFF_PROYECTO (DNI_EMPLEADO, CODIGO_PROY, ROL_PROY, FECHA_INICIO_VIGENCIA, FECHA_FIN_VIGENCIA) values ('87094118', 'B&PS-PAC-PC-0004', 'Jefe', '10/10/2019', '07/12/2020');
insert into STAFF_PROYECTO (DNI_EMPLEADO, CODIGO_PROY, ROL_PROY, FECHA_INICIO_VIGENCIA, FECHA_FIN_VIGENCIA) values ('82007544', 'B&PS-PAC-PC-0005', 'Jefe', '01/02/2019', '24/02/2021');
insert into STAFF_PROYECTO (DNI_EMPLEADO, CODIGO_PROY, ROL_PROY, FECHA_INICIO_VIGENCIA, FECHA_FIN_VIGENCIA) values ('82104847', 'B&PS-PAC-PC-0006', 'Jefe', '28/07/2020', '08/10/2021');
insert into STAFF_PROYECTO (DNI_EMPLEADO, CODIGO_PROY, ROL_PROY, FECHA_INICIO_VIGENCIA, FECHA_FIN_VIGENCIA) values ('81962634', 'B&PS-PAC-PC-0007', 'Jefe', '16/07/2020', '18/01/2021');
insert into STAFF_PROYECTO (DNI_EMPLEADO, CODIGO_PROY, ROL_PROY, FECHA_INICIO_VIGENCIA, FECHA_FIN_VIGENCIA) values ('74393231', 'B&PS-PAC-PC-0008', 'Jefe', '15/09/2020', '04/06/2021');
insert into STAFF_PROYECTO (DNI_EMPLEADO, CODIGO_PROY, ROL_PROY, FECHA_INICIO_VIGENCIA, FECHA_FIN_VIGENCIA) values ('86872614', 'B&PS-PAC-PC-0009', 'Jefe', '19/02/2020', '11/04/2021');
insert into STAFF_PROYECTO (DNI_EMPLEADO, CODIGO_PROY, ROL_PROY, FECHA_INICIO_VIGENCIA, FECHA_FIN_VIGENCIA) values ('89752103', 'B&PS-PAC-PC-0010', 'Jefe', '13/01/2019', '19/08/2020');
insert into STAFF_PROYECTO (DNI_EMPLEADO, CODIGO_PROY, ROL_PROY, FECHA_INICIO_VIGENCIA, FECHA_FIN_VIGENCIA) values ('86159255', 'B&PS-PAC-PC-0011', 'Jefe', '01/09/2019', '30/10/2021');
insert into STAFF_PROYECTO (DNI_EMPLEADO, CODIGO_PROY, ROL_PROY, FECHA_INICIO_VIGENCIA, FECHA_FIN_VIGENCIA) values ('79319649', 'B&PS-PAC-PC-0012', 'Jefe', '20/08/2019', '07/01/2021');
insert into STAFF_PROYECTO (DNI_EMPLEADO, CODIGO_PROY, ROL_PROY, FECHA_INICIO_VIGENCIA, FECHA_FIN_VIGENCIA) values ('99926400', 'B&PS-PAC-PC-0013', 'Jefe', '10/09/2019', '14/10/2021');
insert into STAFF_PROYECTO (DNI_EMPLEADO, CODIGO_PROY, ROL_PROY, FECHA_INICIO_VIGENCIA, FECHA_FIN_VIGENCIA) values ('90787587', 'B&PS-PAC-PC-0014', 'Jefe', '19/01/2020', '10/07/2021');
insert into STAFF_PROYECTO (DNI_EMPLEADO, CODIGO_PROY, ROL_PROY, FECHA_INICIO_VIGENCIA, FECHA_FIN_VIGENCIA) values ('80424466', 'B&PS-PAC-PC-0015', 'Jefe', '01/09/2020', '25/06/2021');

CREATE SEQUENCE OBS_ID
 START WITH     1
 INCREMENT BY   1;

INSERT INTO OBSERVACION VALUES (nextval('OBS_ID'),'Información faltante en el informe', 'Buenas tardes, Sr.....Me parece que hay un pequeño error en este informe', 'FINALIZADO',to_date('18-03-2021','dd-mm-yyyy'),to_date('10-05-2021','dd-mm-yyyy'), 'B&PS-INFO-0001' );
INSERT INTO OBSERVACION VALUES (nextval('OBS_ID'),'Error de digitalización en el informe', 'Buenas tardes, Sr.....Me parece que hay un pequeño error en este informe', 'RESPONDIDO',to_date('28-04-2021','dd-mm-yyyy'),null, 'B&PS-INFO-0002' );
INSERT INTO OBSERVACION VALUES (nextval('OBS_ID'),'Error de asignación', 'Buenas tardes, Sr.....Este informe no pertenece a esta actividad',         'ABIERTO',   to_date('27-02-2021','dd-mm-yyyy'),null, 'B&PS-INFO-0004' );
INSERT INTO OBSERVACION VALUES (nextval('OBS_ID'),'Error de asignación', 'Buenas tardes, Sr.....Este informe no pertenece a este proyecto',          'ABIERTO',   to_date('18-01-2021','dd-mm-yyyy'),null, 'B&PS-INFO-0005' );
INSERT INTO OBSERVACION VALUES (nextval('OBS_ID'),'Enlace sin funcionamiento','Buenas tardes, Sr.....El archivo de informe está dañado',                  'ABIERTO',   to_date('09-11-2021','dd-mm-yyyy'),null, 'B&PS-INFO-0006' );
INSERT INTO OBSERVACION VALUES (nextval('OBS_ID'),'Información faltante en el informe', 'Buenas tardes, Sr.....Me parece que hay un pequeño error en este informe', 'FINALIZADO',to_date('27-04-2021','dd-mm-yyyy'),to_date('10-05-2021','dd-mm-yyyy'), 'B&PS-INFO-0007' );
INSERT INTO OBSERVACION VALUES (nextval('OBS_ID'),'Error de digitalización en el informe', 'Buenas tardes, Sr.....Me parece que hay un pequeño error en este informe', 'RESPONDIDO',to_date('11-03-2021','dd-mm-yyyy'),null, 'B&PS-INFO-0011' );
INSERT INTO OBSERVACION VALUES (nextval('OBS_ID'),'Error de asignación', 'Buenas tardes, Sr.....Este informe no pertenece a esta actividad',         'ABIERTO',   to_date('18-05-2021','dd-mm-yyyy'),null, 'B&PS-INFO-0013' );
INSERT INTO OBSERVACION VALUES (nextval('OBS_ID'),'Error de asignación', 'Buenas tardes, Sr.....Este informe no pertenece a este proyecto',          'ABIERTO',   to_date('20-05-2021','dd-mm-yyyy'),null, 'B&PS-INFO-0018' );
INSERT INTO OBSERVACION VALUES (nextval('OBS_ID'),'Enlace sin funcionamiento', 'Buenas tardes, Sr.....El archivo de informe está dañado',                  'ABIERTO',   to_date('26-04-2021','dd-mm-yyyy'),null, 'B&PS-INFO-0022' );
INSERT INTO OBSERVACION VALUES (nextval('OBS_ID'),'Información faltante en el informe', 'Buenas tardes, Sr.....Me parece que hay un pequeño error en este informe', 'FINALIZADO',to_date('18-01-2021','dd-mm-yyyy'),to_date('30-01-2021','dd-mm-yyyy'), 'B&PS-INFO-0025' );
INSERT INTO OBSERVACION VALUES (nextval('OBS_ID'),'Error de digitalización en el informe', 'Buenas tardes, Sr.....Me parece que hay un pequeño error en este informe', 'RESPONDIDO',to_date('28-04-2021','dd-mm-yyyy'),null, 'B&PS-INFO-0027' );
INSERT INTO OBSERVACION VALUES (nextval('OBS_ID'),'Error de asignación', 'Buenas tardes, Sr.....Este informe no pertenece a esta actividad',         'ABIERTO',   to_date('19-05-2021','dd-mm-yyyy'),null, 'B&PS-INFO-0033' );
INSERT INTO OBSERVACION VALUES (nextval('OBS_ID'),'Error de asignación', 'Buenas tardes, Sr.....Este informe no pertenece a este proyecto',          'ABIERTO',   to_date('07-03-2021','dd-mm-yyyy'),null, 'B&PS-INFO-0036' );
INSERT INTO OBSERVACION VALUES (nextval('OBS_ID'),'Enlace sin funcionamiento', 'Buenas tardes, Sr.....El archivo de informe está dañado',                  'ABIERTO',   to_date('17-05-2021','dd-mm-yyyy'),null, 'B&PS-INFO-0038' );


insert into COMENTARIO (ORDEN, FECHA, CONTENIDO, USERNAME, ID_OBSERVACION) values (1, '19/03/2021', 'bibendum imperdiet nullam orci pede venenatis non sodales sed tincidunt eu felis fusce posuere felis sed lacus morbi sem', 'jcicchelli5', 1);
insert into COMENTARIO (ORDEN, FECHA, CONTENIDO, USERNAME, ID_OBSERVACION) values (2, '20/03/2021', 'sed augue aliquam erat volutpat in congue etiam justo etiam pretium iaculis justo', 'epaddonf', 1);
insert into COMENTARIO (ORDEN, FECHA, CONTENIDO, USERNAME, ID_OBSERVACION) values (3, '21/03/2021', 'nunc purus phasellus in felis donec semper sapien a libero nam dui proin leo odio porttitor id consequat in consequat', 'jcicchelli5', 1);
insert into COMENTARIO (ORDEN, FECHA, CONTENIDO, USERNAME, ID_OBSERVACION) values (1, '29/04/2021', 'nulla facilisi cras non velit nec nisi vulputate nonummy maecenas tincidunt lacus', 'jcicchelli5', 2);
insert into COMENTARIO (ORDEN, FECHA, CONTENIDO, USERNAME, ID_OBSERVACION) values (1, '28/02/2021', 'consequat nulla nisl nunc nisl duis bibendum felis sed interdum venenatis', 'jcicchelli5', 3);
insert into COMENTARIO (ORDEN, FECHA, CONTENIDO, USERNAME, ID_OBSERVACION) values (2, '01/03/2021', 'quam sapien varius ut blandit non interdum in ante vestibulum ante ipsum primis in faucibus orci luctus et', 'qpeardeg', 3);
insert into COMENTARIO (ORDEN, FECHA, CONTENIDO, USERNAME, ID_OBSERVACION) values (1, '28/04/2021', 'sed tincidunt eu felis fusce posuere felis sed lacus morbi sem mauris laoreet ut rhoncus aliquet', 'mohrt6', 6);
insert into COMENTARIO (ORDEN, FECHA, CONTENIDO, USERNAME, ID_OBSERVACION) values (2, '29/04/2021', 'adipiscing elit proin risus praesent lectus vestibulum quam sapien varius ut blandit non interdum in ante vestibulum ante ipsum', 'izoldh', 6);
insert into COMENTARIO (ORDEN, FECHA, CONTENIDO, USERNAME, ID_OBSERVACION) values (3, '30/04/2021', 'ac neque duis bibendum morbi non quam nec dui luctus rutrum nulla tellus', 'mohrt6', 6);
insert into COMENTARIO (ORDEN, FECHA, CONTENIDO, USERNAME, ID_OBSERVACION) values (1, '12/03/2021', 'dictumst aliquam augue quam sollicitudin vitae consectetuer eget rutrum at', 'dmeasor7', 7);
insert into COMENTARIO (ORDEN, FECHA, CONTENIDO, USERNAME, ID_OBSERVACION) values (1, '21/05/2021', 'diam cras pellentesque volutpat dui maecenas tristique est et tempus semper est quam pharetra magna ac consequat metus sapien', 'dmcgeachey8', 9);
insert into COMENTARIO (ORDEN, FECHA, CONTENIDO, USERNAME, ID_OBSERVACION) values (2, '22/05/2021', 'vulputate elementum nullam varius nulla facilisi cras non velit nec nisi vulputate nonummy maecenas tincidunt lacus', 'ahupek', 9);
insert into COMENTARIO (ORDEN, FECHA, CONTENIDO, USERNAME, ID_OBSERVACION) values (1, '19/01/2021', 'curabitur in libero ut massa volutpat convallis morbi odio odio elementum eu interdum eu tincidunt in leo maecenas', 'tgoingb', 11);
insert into COMENTARIO (ORDEN, FECHA, CONTENIDO, USERNAME, ID_OBSERVACION) values (2, '19/01/2021', 'morbi porttitor lorem id ligula suspendisse ornare consequat lectus in est risus auctor sed tristique in', 'atearlen', 11);
insert into COMENTARIO (ORDEN, FECHA, CONTENIDO, USERNAME, ID_OBSERVACION) values (3, '20/01/2021', 'mauris laoreet ut rhoncus aliquet pulvinar sed nisl nunc rhoncus dui vel sem', 'tgoingb', 11);
insert into COMENTARIO (ORDEN, FECHA, CONTENIDO, USERNAME, ID_OBSERVACION) values (1, '29/04/2021', 'natoque penatibus et magnis dis parturient montes nascetur ridiculus mus etiam vel augue vestibulum rutrum rutrum neque aenean auctor', 'tgoingb', 12);
insert into COMENTARIO (ORDEN, FECHA, CONTENIDO, USERNAME, ID_OBSERVACION) values (1, '18/05/2021', 'elit proin interdum mauris non ligula pellentesque ultrices phasellus id sapien in sapien', 'ljeansd', 15);
insert into COMENTARIO (ORDEN, FECHA, CONTENIDO, USERNAME, ID_OBSERVACION) values (2, '19/05/2021', 'congue etiam justo etiam pretium iaculis justo in hac habitasse', 'jrawsthorner', 15);
